CaseName,MeanTempError,MaxTempError,TempFluctuation,AvgHeaterPower,AvgConveyorSpeed,PeakMotorCurrent,RMSVibration,OperatingHours,ExpectedQualityRisk,ExpectedMaintenanceRisk,PredictedQualityRisk,PredictedMaintenanceRisk,QualityRiskScore,MaintenanceRiskScore,QualityWarningLamp,MaintenanceWarningLamp
Normal operation,7.22486793548314,14.1028729675146,1.04067578508894,10.6849019400021,0.850312643983016,2.8107935211663,0.179729849666403,500.039106919156,Low,Low,Low,Low,1,1,Green,Green
Quality risk condition,119.627410018971,127.192996123032,1.99183100894039,4.67963445771602e-11,0.854305451793156,2.86364606079254,0.202729665233869,538.724514098409,High,Low,High,Low,3,1,Red,Green
Maintenance risk condition,40.4332895913412,52.2779313663067,13.1818201039544,100,0.830137668956319,3.32318666960106,0.233791956166957,527.55,Low,High,Low,High,1,3,Green,Red
Combined high-risk condition,97.2939713186732,104.834436789018,13.1580363098769,91.8854269236729,0.833132183770852,3.32999674014417,0.255725786325173,526.079326902426,High,High,High,High,3,3,Red,Red
