Feature,Importance
MeanTempError,0.362982005141388
MaxTempError,0.313624678663239
TempFluctuation,0.127506426735218
AvgHeaterPower,0.00976863753213364
AvgConveyorSpeed,0.0385604113110539
PeakMotorCurrent,0.00668380462724931
RMSVibration,0.000514138817480681
OperatingHours,0.00616966580976861
